respondent,X1,X2,X3,X4,X5,X6,X7,X8,X9,X10,X11,X12,X13,X14,X15,Y1,Y2,Y3,Y4,Y5,Y6,Y7,Y8,Y9,Y10,Y11,Y12,Y13,Y14
N1,5,4,3,4,5,2,4,2,2,2,3,4,1,3,1,5,4,3,2,2,2,3,2,3,4,1,4,3,2
N2,2,4,3,4,3,2,3,2,2,2,4,3,2,4,2,2,2,2,2,1,2,3,4,4,3,4,4,4,2
N3,2,4,3,3,4,4,3,3,2,3,2,3,2,3,3,3,4,3,4,3,3,3,2,4,3,3,3,3,3
N4,5,4,5,5,4,3,5,4,4,4,4,4,4,4,4,5,5,3,4,2,4,2,4,4,5,5,5,5,5
N5,5,5,4,4,5,4,4,5,3,4,4,4,3,5,4,4,4,5,4,4,4,4,4,4,4,4,4,4,5
N6,4,5,3,4,5,4,3,4,2,2,4,4,1,4,2,4,4,2,4,2,4,4,4,4,2,2,4,4,4
N7,5,2,5,4,5,2,5,4,4,4,2,4,4,5,4,2,3,4,2,1,4,2,5,4,3,4,4,5,4
N8,5,5,5,5,5,5,5,2,4,3,3,4,2,5,2,4,3,3,3,2,4,4,4,3,4,4,5,4,2
N9,4,4,4,4,3,3,4,2,4,2,3,3,4,4,2,3,3,2,3,3,4,3,4,4,3,4,4,4,3
N10,5,5,4,5,5,5,5,4,4,4,4,4,4,4,3,5,4,4,4,3,4,4,3,4,4,3,4,4,2
N11,5,5,5,5,5,5,5,5,4,3,4,2,4,4,4,5,5,4,4,4,4,4,4,4,4,4,4,4,4
N12,4,4,5,4,5,5,4,1,2,1,1,2,2,1,2,5,4,4,5,5,5,4,2,2,2,1,1,2,2
N13,5,5,4,5,5,5,5,5,5,3,5,5,5,5,5,5,5,3,3,3,5,5,5,5,5,5,5,5,2
N14,4,5,4,5,5,5,5,5,4,4,5,4,4,5,3,5,5,3,4,3,4,5,4,5,4,3,5,5,3
N15,5,5,5,5,5,3,5,4,4,4,4,4,4,5,4,4,5,4,4,3,4,3,4,5,4,3,5,4,4
N16,5,5,3,3,5,5,5,3,3,3,5,4,4,5,3,5,3,2,4,5,5,2,4,4,4,5,4,4,4
N17,4,4,2,5,5,5,3,4,3,4,4,3,1,4,4,4,4,2,3,2,2,2,3,4,3,3,3,4,3
N18,3,3,3,3,3,3,3,3,3,3,3,3,3,3,3,3,3,3,3,3,3,3,3,3,3,3,3,3,3
N19,1,4,4,4,4,2,1,1,2,1,1,2,2,1,1,2,2,2,3,2,2,3,2,1,2,1,1,2,2
N20,4,5,4,4,4,3,5,4,4,3,4,4,5,3,2,4,2,3,3,3,4,3,4,4,4,4,3,5,3
N21,2,4,5,4,4,3,3,3,4,1,1,2,4,1,1,4,3,1,2,2,2,2,1,1,2,2,2,3,1
N22,4,4,4,4,5,4,4,4,4,4,4,2,4,4,4,4,4,4,4,4,4,4,4,4,4,4,4,4,4
N23,4,5,5,4,5,5,3,4,3,3,4,4,3,4,4,4,4,4,4,3,4,5,5,5,4,4,5,5,4
N24,1,3,4,3,3,3,3,4,3,3,4,3,4,4,2,2,2,3,2,2,3,2,5,5,5,5,5,5,5
N25,4,4,3,4,3,4,4,4,4,4,3,3,2,4,4,3,4,4,2,3,2,3,4,5,4,2,3,5,3
N26,2,5,5,5,5,5,3,4,4,3,4,4,4,4,4,4,5,4,4,4,4,3,4,4,4,4,4,4,4
N27,5,3,4,5,3,4,5,4,4,3,5,4,4,4,5,4,4,4,2,2,2,4,5,4,2,3,3,4,3
N28,5,4,5,5,5,2,5,5,5,1,5,5,4,5,5,4,4,4,2,3,3,5,3,4,3,4,5,5,2
N29,3,4,5,4,4,4,4,5,3,3,4,4,2,4,4,5,5,4,5,4,4,4,4,5,5,5,4,5,4
N30,2,4,3,4,4,4,3,3,4,2,4,4,3,4,3,3,3,3,2,2,3,3,4,4,4,2,4,4,3
N31,3,4,4,4,5,4,4,4,2,4,4,2,4,4,3,5,4,4,4,4,4,4,3,4,4,4,4,4,4
N32,5,5,5,5,5,5,4,5,5,5,5,5,5,5,5,5,5,5,5,5,5,5,5,5,5,5,5,5,5
N33,4,5,5,5,4,4,4,4,4,4,4,4,4,4,4,4,4,4,4,4,4,4,3,3,4,4,4,4,4
N34,5,5,4,5,5,4,5,4,4,3,4,3,3,5,4,4,4,3,3,3,4,3,4,4,4,3,4,4,2
N35,2,3,4,4,3,3,1,4,2,2,4,3,3,4,4,4,4,4,3,3,3,3,3,4,2,3,4,4,4
N36,1,3,3,5,5,5,3,5,5,3,5,5,3,5,3,5,5,3,5,1,3,4,5,5,5,5,5,5,5
N37,3,4,4,4,3,3,3,3,3,3,3,3,3,3,2,3,3,4,3,3,3,3,3,3,3,3,3,3,1
N38,5,5,5,5,5,5,5,4,4,4,4,4,4,4,4,5,5,5,5,5,5,5,3,3,4,4,4,4,4
N39,4,4,4,4,4,4,4,3,3,3,4,4,4,4,4,4,4,3,3,3,3,3,4,4,3,3,3,4,4
N40,5,4,4,4,4,4,4,2,2,2,2,2,2,2,2,4,4,4,4,4,4,4,2,2,2,2,2,2,2
N41,5,4,3,4,5,5,5,4,2,3,4,4,3,4,2,3,4,3,4,4,4,4,4,4,4,3,4,4,3
N42,4,5,5,5,5,5,5,4,4,3,4,4,4,4,4,4,4,4,4,4,4,4,4,4,4,3,4,4,4
N43,3,3,3,3,3,3,3,3,3,3,3,3,3,3,3,3,3,3,3,3,3,3,3,3,3,3,3,3,3
N44,4,4,4,4,4,4,4,2,4,4,4,4,4,4,4,4,4,4,4,4,4,4,4,4,4,4,4,4,4
N45,4,4,4,5,2,2,4,4,3,4,4,2,4,3,2,5,4,3,2,4,4,2,4,5,5,3,5,5,3
N46,4,5,4,5,4,3,4,3,3,3,3,3,2,3,3,3,3,3,4,3,3,4,3,3,4,3,3,3,3
N47,5,5,5,5,4,5,4,4,5,4,5,5,5,5,4,5,5,5,4,4,4,5,5,5,4,4,4,5,5
N48,3,3,3,4,4,3,3,2,3,3,4,3,2,3,2,3,4,2,4,3,3,4,4,4,3,3,3,2,3
N49,4,4,4,4,4,4,4,2,2,2,2,4,2,3,2,4,4,4,4,4,4,4,4,4,3,4,4,4,4
N50,2,4,4,4,4,3,3,4,4,3,4,4,3,4,3,4,4,4,4,3,4,4,4,4,3,2,3,4,3
N51,4,4,4,4,4,4,4,4,4,3,4,4,3,4,3,3,3,3,3,2,3,4,3,4,3,4,4,4,2
N52,4,3,4,4,4,4,4,5,4,4,4,4,3,5,2,5,5,4,4,4,5,4,1,1,2,4,5,5,5
N53,5,4,4,5,5,3,5,4,5,2,4,5,5,5,4,4,4,2,4,4,5,2,4,5,5,4,5,5,2
N54,5,5,5,5,5,5,5,1,1,1,1,1,1,1,1,5,5,5,5,5,5,5,1,1,1,1,1,1,1
N55,3,3,3,3,3,3,3,3,3,3,3,3,3,3,3,3,3,3,3,3,3,3,3,3,3,3,3,3,3
N56,5,5,5,4,5,3,5,4,4,3,5,5,4,3,2,5,4,3,3,3,2,4,2,2,2,3,3,3,2
N57,4,3,3,4,5,3,4,3,3,3,2,3,3,2,3,4,3,3,4,4,3,4,2,3,3,3,3,2,3
N58,5,5,5,5,5,5,5,5,3,4,4,5,3,4,3,4,4,4,4,3,3,5,5,4,5,4,4,4,2
N59,4,4,4,5,5,5,5,4,4,4,3,4,3,5,4,5,5,5,4,4,3,3,4,3,3,2,2,3,2
N60,5,5,4,5,5,5,5,1,4,5,5,4,4,5,4,5,5,5,5,5,5,5,5,5,5,5,5,5,5
N61,5,5,5,5,5,4,5,5,5,3,4,5,5,5,5,5,3,3,2,2,2,3,3,5,2,2,3,5,2
N62,4,5,4,4,5,5,5,5,4,4,3,5,4,5,4,5,4,4,4,2,4,4,5,5,5,4,4,5,4
N63,4,4,4,4,4,4,4,4,4,4,4,4,4,4,4,4,4,4,4,4,4,4,4,4,4,4,4,4,4
N64,4,5,5,5,5,5,5,4,4,4,1,4,4,4,4,5,5,4,3,3,3,4,4,4,4,2,4,4,3
N65,5,5,5,5,5,5,5,5,1,3,1,5,3,5,3,5,5,5,5,5,5,5,5,5,3,5,5,5,4
N66,4,4,4,4,4,3,3,3,3,3,2,4,2,4,3,4,3,3,3,3,3,3,4,3,4,4,4,4,2
N67,4,4,4,4,4,4,4,2,4,3,4,4,4,4,2,4,3,3,4,3,4,3,4,4,3,3,4,4,2
N68,4,4,4,4,3,3,4,1,3,1,2,2,1,5,5,3,4,2,1,3,1,4,1,4,3,3,1,2,1
N69,3,5,5,5,5,4,3,3,5,4,5,5,5,5,5,5,4,1,4,4,4,3,4,5,5,2,3,5,4
